service,year,quarter,tiles,tests,devices,pop_weight,area_km2,d_mean_tile,d_median_tile,d_mean_pop,d_median_pop,d_p10_pop,d_p90_pop,u_median_pop,lat_median_pop,pct_above_bb,pct_above_hi,divide_ratio,period
fixed,2025,1,5106.0,259748.0,59781.0,6675167.297566414,1255.6688957751028,17.290576772424597,15.3265,17.051567739189494,15.836801786413103,9.457765830929992,24.721335903446768,6.577571823458738,26.0,87.25347465918236,9.485052776356044,2.613866355476883,2025 Q1
mobile,2025,1,2822.0,57241.0,26348.0,5160728.490835667,690.4757731089604,86.7305517363572,77.21799999999999,87.12816235080125,77.52106486536715,25.056896125413417,163.99238235078755,21.4603802088331,20.0,98.22049614016295,90.08556675304509,6.544800342787142,2025 Q1
fixed,2025,2,5727.0,297306.0,68221.0,6947483.828702986,1409.9071609156085,20.310202723939238,18.431,20.047111856044026,18.875,10.6043759966469,29.376967551490107,9.145473720385358,25.0,91.85099548422725,20.317934072463313,2.7702683836162634,2025 Q2
mobile,2025,2,2824.0,39258.0,19044.0,5115525.2771166265,694.6653124618939,85.81845432011332,68.89099999999999,89.52156756352134,73.43697852338926,20.539394799302944,180.44904304517775,20.968,20.0,97.50082823828683,86.27644937477929,8.785509252263934,2025 Q2
fixed,2025,3,5747.0,261225.0,65340.0,6941618.474231094,1414.6214913968633,21.22114163911606,19.279,20.896918170477953,19.586612848901908,10.600174053955554,31.483519267244024,9.919,24.0,91.77061828224299,24.077101632047718,2.9700945575979154,2025 Q3
mobile,2025,3,2450.0,30663.0,14898.0,4714418.042354703,600.626014235721,78.08969591836735,61.157,81.98638687127057,65.14320571616523,20.148097238940977,163.6269113835272,20.570711322532638,21.0,96.84618138216682,85.80472991807197,8.12120913667616,2025 Q3
fixed,2025,4,5803.0,321884.0,71053.0,6963413.549589276,1427.519316817636,22.553320006892985,20.697,22.226390461138894,20.834258860319572,11.71936496483545,33.504386061057495,11.243,25.0,93.58484117445671,29.652633586733636,2.8588909178602346,2025 Q4
mobile,2025,4,3231.0,47284.0,21169.0,5439610.957106948,792.5253515833266,71.31086784277313,57.297,73.52270711162745,59.16017778652625,18.71466864862927,149.02971947583356,17.843480036250504,23.0,97.14162091938832,83.29738236659632,7.963257179375657,2025 Q4
fixed,2026,1,5772.0,302882.0,67133.0,6922604.635231137,1419.3812004289477,23.33029123354123,21.1745,23.20854824700161,21.58409655534177,12.518238996165728,35.63138087820855,11.495698584634683,24.0,94.83623823838779,33.606131987181996,2.846357294274559,2026 Q1
mobile,2026,1,3167.0,47045.0,20557.0,5433687.2644325495,776.5961502725823,74.14220050520997,58.48,76.26849161490073,61.82824449819353,16.947117681058955,150.97145558860413,17.907515189010237,22.0,96.13978001700517,81.32435938087067,8.908385392127078,2026 Q1
fixed,2026,2,5758.0,273884.0,64648.0,6864198.622006476,1415.6613755507524,25.10131121917332,22.9,25.424485337737714,23.606558062590572,14.481548873087764,37.77010719627934,12.843354859194966,22.0,96.4601093120373,42.27088990206205,2.608153832665689,2026 Q2
mobile,2026,2,3474.0,51773.0,23149.0,5651041.425427258,852.0553814445132,75.87599194012665,61.759,80.43080573323,67.12627328509902,18.779840140640093,155.01470847261228,18.370485725074484,21.0,96.64857442150438,85.22588066426073,8.254314590098994,2026 Q2
